worker_id,sentiment,processed_text
XYNN2Y4VCF3G,Positive,bought 2200 ico 050 coin hold sold 3 months ago helped buy bigger house
DR6XNZMT9KRH,Positive,harmony algorand cardano solana vechain gonna fly bull market buy stack satoshis
9FCQGMYD4A42,Negative,honestly reading post responses conclude cryptospace totally fucked consept crypto entirely lost waves noobs arrive crypto island instead revelling freedom plan way island
QEZAEMV2WF9D,Positive,bear market money continue dca assets believe
Z7J7W3XCP4XC,Negative,funny people think bitcoins risk comparable stocks lot crypto investors gonna learn hard way sooner later
4KDNMYPMNZXC,Negative,terra bad investment cryptos operate ponzi schemes
KHP239VPK9M3,Negative,company ticket monster major flop critical reason touched dog shit
6KNHWNA9TWPR,Positive,added 5mil bag long term stay strong bada bing bada boom
PDJDRMPE4NTR,Negative,fuck kwon 20 version
PGYYE66MAY4E,Positive,having access global currency opens options outside local fiat amazing seeing people different continents cheering currency
CWHGEMPYTWVW,Negative,drop 80
RHKAMTPHKVKZ,Positive,stoped buying buying
KXPAF3YFMRZY,Negative,unpopular opinion crypto sucks criticism topic perspective banks suck crypto aint better higly speculative unstable bullshit wallstreet leverage shorting futures longs market manipulation people gambling money keys arnt safe want implement chip arm chip breaks digitally dig hole ground people centralised exchanges die wont relatives fucks mental emotional state unstable nature day think money day 20 gone people buy early basicly taking peoples investment sell pyramid games space flooding scammers annoying shilling shouting idiots bitcoin likes highly energy inefficient yes look regular financial systems energy use blah blahthis like saying u dump plastic river theres plastic soup ocean yes use solar panelswell use usefull things costly yes proof stake yesits basicly kept air people againgambling money companys cant build stuff thousands people throwing money hoping rich temselves blockchains cool decentralised way speculation shouting digital coins society remains shithole salaries low people housing prices going roof crypto wont safe wealthy people wealthy cost luckythe lucky early peoples money finally cash sorry rant kind im starting feel thing
T3RMAEPRMD6J,Positive,recover zero recovery plan place soon
2VHW4RE6AKTN,Negative,shit crypto isnt safe volatility rugpulls honeypots scams theres thing dont safety higher returns market survive
KXDCJPTQAF2Q,Negative,celsius destroyed ust peg caused retailers lose huge money recover money push comes shove
6XFJ6ADHNKEZ,Positive,eth great matic way
FDNCJD3AMXMX,Negative,shows ton degenerate gamblers space
YE9KGEGHMA7T,Negative,ada awful post cope
TD36G7T2EZEK,Negative,literally crashing zero real time atm luna worth ust rolling_on_the_floor_laughing
DCRRXJFVW7R3,Positive,im super bullish dot best hold imho love team love tech ecosystem growing nice pace instance ive tinkering parallel finance lately like think going great things polkadot future good luck dot holders
G6VJRCCGZ9D6,Positive,yes actually good ton solutions built blockchain mover advantage player offered smart contract functionality course drawbacks limitations duh adapt think etc idiots buy wouldnt weak means stupidly expensive gas fees solid solution
QYHZDAFJWQDT,Negative,wow tron copied eth copying tfl’s folly — tron labeled pile_of_poocoin coinsider yt founder tron likes steal ideas looks like stole wrong time triggered ust’s death spiral trigger usdd predicting noncollateralized stable coins banned eventually
K4AQ7A3APGTD,Negative,bitcoin absolute piece shit slow outdated technology
ZEAMMXYFVGEY,Positive,yep time accumulate big guys btc eth
F3FCR777FCDY,Positive,laugh want practically inevitable crypto coin world exchange currency pretty big reversal point bitcoin suppose possible
6PZCJKX27DVN,Negative,didnt sell luna 900 dollars worth 0
TC9FHXCXZWRA,Negative,intrinsictrue value crypto 0 thats hyperbole thats objective fact virtual currency guess true fiat money big disaster scenario society collapses likely equally worthless pretty immediately internet continued running interested crypto soon scarcity insecurity scale physical goods matters possible gold come use youd confident people interested taking exchange end starving death pile shiny metal
PKAFWTW2AW2G,Negative,crypto gains depend greater fool buy youve bought course 60 portfolio bitcoin going shill reality crypto exploded spectacularly speculation loves low interest rates easy money world live origin bitcoin monetary policies tighten speculation shits bed happening
3MMFR6RXMZM2,Negative,hype narrative crypto constantly changes based promoters need push basically repeated phrase similar propaganda medium exchange found slow costly medium exchange anonymous currency governments came ways track required exchanges record info customers uncorrelated asset didnt work highly correlated nasdaq digital gold store value inflation hedge isnt panning dont think surprised
Z7J7W3XCP4XC,Positive,fan cardano strongly believe future cardano cant wait smart contracts deployed sundaeswap
X2TCAY3NA3EK,Negative,5 creator shady pos like kwon
YE9KGEGHMA7T,Negative,crypto scratch ticket tax poor it’s digi pipe dream don’t fall
F3FCR777FCDY,Negative,nooooo can’t told hedge inflation said best store value rate people able afford btc pretty tulips
EREFRG9CGZFZ,Positive,cause pegging btc dollar actually 1 bitcoin 1 bitcoin 1 75c inflation
TKYMHPEGFQJM,Positive,cant wrong btc eth
AVTE6EF7QNZE,Negative,ultimate gift money launderers tax evaders regimes circumventing sanctions wasnt easy pyramid schemes types large scale fraud quicker easier super easy lose phishing exploit energy consumption pow new avenue gambling addicts created suffer relapse rug pulls meme coins projects massively inflated bubbles vast majority buyers know shit fuck want rich quick
4TG67HVWJNDP,Positive,gonna buy dip
4A6NNREHP6AA,Negative,religion akin old religions people defend cointoken like chosen greek god waging war gods honestly interesting cringe time
4FRFD66TK6XE,Negative,yes governments ban major thing entire backbone crypto liquidity stable coin called tether complete scam banned ny sec finds coins backed dollar backed believe feds shut exchanges huge ponzi scheme
X6P6DQRXD62A,Negative,environmental impact bitcoin environmental impact co2 emissions small countries currency primarily stored value transactions incredibly problematic assuming transformational breakthroughs computing efficiency proof work going obfuscating long term value crypto httpsnewsclimatecolumbiaedu20210920bitcoinsimpactsonclimateandtheenvironment complexity smart nontechy friend literally 40k titans crypto fund didnt trust costly error purchasing coins advised hes early 30s works tech company confident transacting coins thats going continue problem broad adoption scammy coins thread loves shit elizabeth warren trying regulate crypto space think heart right place gets details wrong buuuuut want broad adoption need zero news stories people getting rug pulled hacked etc regulation specifically verification project fundamentals incredibly valuable giving consumers confidence theyre purchasing prevent people rug pulled crypto detractor littleedge case consumer utility self explanatory actual broad consumer market applications rolling dice casino
727X42WGVQKF,Negative,prolly going downvoted 100 speculative look 100 largest businesses invest 2011 look cryptocurrencies 80 businesses era look cryptocurrencies popular known 5 higher risk comes higher reward dont let blind fact cryptocurrencies riskiest investment
KREVGMG3GN2G,Positive,time present safe invest afford lose research
9FCQGMYD4A42,Positive,network stronger beforeprice follow soon
CWHGEMPYTWVW,Positive,eth size time market largess number devoted developers quantity use apps large infrastructure number teams use code developer tools marketing brand recognition percentage market aggressive current development years head start devoted coin holders numbers chains projects etc kinda elephant room large pasture staked good developing lot invested coming online thanks post got evaluate gotta buy eth
ZW9ZNGVMAYNQ,Positive,bitcoin offers billions people world don’t access bank account way store spend grow wealth time gains adoption volatile larger market cap trading volume look world today don’t think huge need decentralized incorruptible money i’m sure disagree lot btc
VE79V2N2JGNW,Positive,cornucopias nftmetaverse ergodex hot right liqwidfinance im following progress bunch nft going dont require smart contracts interesting setups stake pools check cardanocube feel like browsing
6K2GETAKR4XG,Negative,bitcoin vague purpose biggest problem originally meant cash system store value digital gold hedge inflation people trying think ways attach nfts use purposes 401ks mortgage assets id verification want digital currency people spend goddamn capitalist religious icon
KKGQRZWNCHJK,Positive,pretty big news love utility bearish market overall fiat dca convert ccd profits
766HWETQXF3P,Positive,100 eth eth proven real operational environment cant stress safe sec
4C2TYDT363RZ,Negative,cash assholes hardon btc im pretty sure cryptos scams jump hype train
A39VCA42JJ7W,Positive,bitcoin great hedge inflation demand growing fiat keeps printing fewer btc existence year trends 0 buy 1btc 30k held years 1btc lot scarce 30k worth lot way stock market asset hedge inflation usually counts selling inflation happens fallout crypto preformed extremely years run lagging cpi ethereum hedge inflation people spend 2080 million blockspace day mints 30m new coins sold day people want blockspace year mint 3m new coins day forever im taking bet people pay blockspace future l2 compression protocols batch 1000s 1 blockspace finate demand strong good bet far heres great site compare pow pos ethereum like 2000x energy reduction year bitcoin mining specialized hardware economics lot different gpu mining strongly incentivize new development clean power imo large corporations having access 0 energy selling cost isnt sustainable true decentralization keeps coal mines profitable hashrate inexpensively high argument usually allows existing mines stay open longer recycling wasted energy btc means bankrupt thats step right direction compared flaring sky btc sent power create power like oil 4 years new btc minted block reduced half hashrate securitydifficulty dependant miners trying block reward means costs 20k btc thats worth 30k today halving costs 20k receive 15k btc forced stop mining find cheaper alternative price btc doubles safe despite btc maxis think cant double forever nonissue solve ideally costs people buying blockspace crypto fees drastic todays prehalving inflation rate means ton pow earn fees today miners making pivot clean energy choice cant imagine 20 years easier use coal energy argument global picking crypto disingenuous people completely ignorant crypto theyre taught btc legitimate currency multiple countries crypto world places dont banks face real inflation argentina spend cards shops online visa cheaperfaster existing rails stripe reason volitility means buy price deserve price told housing bounced 4y werent forced 1m bedroom home maybe youd okay real problems crypto things mentioned
YKPDD2RHZKMG,Negative,thought store valuewhered value btc
6XFJ6ADHNKEZ,Positive,bought 64k 37k drops 29k im buying bag im glad im finally getting nice bag btc time
V9KNV3WKCY3N,Negative,hype nft collectibles bad thing throw thousands hundreds thousands jpeg monkey looks exactly like thousand jpeg monkeys different color teeth current nft market giant bubble ready burst punish create nfts actually unique artistic randomly generated modifications image
NXNFRWZPYZVT,Positive,bitcoin lot things right it’s doomsday currency it’s inflation hedge it’s speculative asset it’s central banking hedge it’s technology play plus things things components price value people buy sell hold different reasons can’t look “why dropping inflation it’s hedge inflation” can’t it’s hedge central banks monetary policy central banks probably worst spots it’s btc isn’t time high btc wearing hats right don’t let tell it’s number different things
2VHW4RE6AKTN,Positive,telling everybody single day week polygon ethereum match heaven going stopping duo mass adoption coming slowly surely
7G7NZEEGPR4K,Positive,check ousd looks great moderate return
4ACJA6QTDYMG,Positive,use actual currency hell lot places
3MMFR6RXMZM2,Positive,bought bitcoin 2011 honestly liked idea sending money online trustless manner revolutionary right
WY92P96DTKZ3,Positive,bitcoin literally produces security order 180000 times greater worlds fastest supercomputer
7N79W4MCYAVW,Positive,ethereum ecosystem developers competitor devs smart contract platform combined excluding bitcoin devs crypto combined result developers innovation advance defi happened ethereum chains dapps exclusively clones things developed ethereum value locked defi mainmet double chain combined
X2TCAY3NA3EK,Negative,failed stable coin project removed stable coin tried relaunching obviously going 0
7FWVPWN76TG6,Positive,perfect time buy luna
WKVZK2N4J3MC,Positive,crypto it’s wild ride highs lows doge hodl
9EN7PWYA6G4F,Negative,scam claims like false 99 crypto worth zero soon
TATMTQ3AXJX6,Positive,find crypto reward protein folding banano foldinghome neat use crypto lot research projects benefit compute power machine learning etc hope type business model replicated areas
6K2GETAKR4XG,Positive,believe good luck stretches newness polkadot way seeing opportunities seen chains equilibrium instance low interest rate borrowing talk low collateral
KN7DH3JNVXXY,Positive,buy monero
RGDCWYTV6K79,Negative,record didnt need
PDJDRMPE4NTR,Negative,meltdown continues
TRZKH4HK4646,Positive,great news truly understand btc dont expect laugh good worried bit respect volatility love fud great times buy btc eth simple brain stomach wait ease bring bad news bring blood bring negative sentiment changed fundamentally btc eth
7N79W4MCYAVW,Negative,safe lose 50 week years recover month heck 20 drop usually people safe referring lack volatility consistent returns limited losses crypto definitely
9HGQEHXWQN6R,Negative,hedgies playing ping pong hoping pull retard money way
DGJVX34FCTDH,Positive,friend crypto lot money date doesn’t home reason quote “ want money need it” bitcoin click button cash house difficult sell markets high takes months sell house think 5001000 month great bitcoin learn patterns odds btc cross 100k bull run following 2024 halving stack 12 btc looking 100200k investing 1040k depending bitcoin prices current bear market sub 20k prices soon
FVGNDRJMNVA7,Positive,37k incoming ready boys
QQZXXC9KWHQT,Negative,going crash peoples lively hoods
RP7MDHXYNRPN,Negative,dont like crypto ethically financially technologically proof work mining eg bitcoin wastes ungodly amounts electricity world 100 renewables mining displaces useful work creates emissions computing capacity proof space making world worse place driving storage costs everybody coin speculation massive ponzi scheme crypto fan acknowledges eg bitcoin network throughput dozens qps merely hilarious wasnt burning coal australia pure waste bitcoin production estimated generate 22 229 million metric tons carbon dioxide emissions year levels produced jordan sri lanka 2019 study scientific journal joule found source ie game entire additional country environmental damage useful gain found actual use online drug dealing requires niche coins bitcoin massive distributed public ledger level market manipulation accounting fraud eg tether usd coin admitted lying backing normally send people jail reason got free pass clueless marketing fanboys hope enrich creating layer pyramid endlessly stupid projects spawned blockchain seen solution aside niche case distributed tamper evident journal single handedly mass international ransomware viable business model allowing way receive cash outside banking system general enablement sorts scams eg endless kids subreddit promoting 12 crypto savings accounts isnt nearly secure people think determined state actor subvert network deflation isnt actually good thing currency ultimately favours wealthy hold dont need spend mining proof stake work allow wealthy invest mining equipment control dominate market ultimately government earth going monetary policy key lever control essentially involved point trying hustle generation hope serve useful technological financial system gone massive misrepresnetaion bitcoin particular works despite claims offer following anonymity entire blockchain public diligently recorded millions nodes distributed freedom small number mining cartels control hash power normal people use crypto currency exchanges unencumbered transactions comically slow inefficient convenient purchases wallets unwieldly normal people reversibility store value volatility hilarious cares btcusd things like cryptocurrency monero pretty clever ethereum smart contracts pretty scifi watching people learn 5000 years history banking regulation single decade fun massive financial catastrophes watch harm people read previous list earlier state single exchange getting robbed exit scamming fanboys funny retrospect thx utwentycharactersshor extra items think cryptocurrency fun hack bad idea mainstream im pretty convinced banned purely resource grounds impossible force externalities addressed possible invent cryptocurrency thats efficient level morally reprehensible use existing cryptocurrency interests want bitcoin succeed purely theyre pyramid selling shovels new compete aginst real financial sector entrenched cryptocurrency players
NKD3Z9E9TF9R,Positive,demand bitcoin goes logically starts replacing fiat currencies maybe day global reserve
4KDNMYPMNZXC,Negative,btc outdated
JTQCWXJC74WN,Positive,gotta think years cro it’s early
PFERAMNPAJQR,Positive,going long term btc eth coins buy imo
NE6AHWDY7MDY,Negative,isnt investment speculation ponzi scheme theres underlying business generating profit assets appreciate reason price rise future somebody sees price rising wants speculate rising self fulfilling isnt
AFJEVW4M3W4M,Negative,he’s exposing pointless crypto
VE79V2N2JGNW,Negative,99 shitcoins dont survive bull market
7CA7ZZVKM7WF,Negative,dogecoin 10b everythings going lot
JFYMRWFNYHTH,Negative,got banned fro crossposting sub know sound investment frantically ban silence remotely negative constantly having find new buyers lose money
VV67NJ3GAW3H,Negative,useful use case come crypto cant easily people jump decentralization wont remain decentralized getting centralized governments let happyplaygroundforcryptobros point dead aside basically useless
VHHPNYT2P47X,Negative,people dont want accept crypto seriously risky speculative asset arguably speculative absolutely 0 metrics set floor price revenue eps buildings machines ip hard value weigh look holy fuck undervalued right buythe thing propping crypto prices feels money coming bucket crypto isnt closed loop meaning dont paid crypto transact crypto directly buy fiat buy vendor exchange fiat real use medium exchange excepton razors edge margin economy gets worse prices going people simply money going lot sellers buyers willing fiat riskiest assets pay 50 food gas lose job soon happens downturn people flee risky speculative assets person_shrugging‍male_sign️ going worse havent seen layoffs going happencrypto going shit happens money coming bucket point crypto markets decouple wider financial markets thats complete pipe dream imo
J2DCJ4X34ZER,Positive,dead die bitcoin declared dead like 400 times comes
QTFH3NVE97MG,Positive,negativity bitcoin held trades nasdaq simply traders trade times divergence outperformed bearish nasdaq year hedging magical hedge strong unhacked financial network finite supply btc dominance crypto rising runaway inflation weakens fiat naturally btc hedge degree historically volatile cant depend short term hedges
DGJVX34FCTDH,Negative,glorified ponzi scheme wastes peoples time electricity
WXXW646EHXPR,Positive,plan invest small month
727X42WGVQKF,Positive,totally feel ada way hyped
9EN7PWYA6G4F,Negative,yeah luna going sht sht hole
CWHGEMPYTWVW,Positive,like original digital gold know bitcoin
6KNHWNA9TWPR,Positive,personally invest btc eth reason diversification trend getting online metaverse thingy continues gains continue rate adoption increasing consistently eth new ecosystem insane applications sure better crypto replace better search engine replace google im worried btc real moneypropertystore value want gives complete control decentralised predictable code
FW3NCJ9GMVK3,Negative,buy luna 20 deserve financial ruin guys pure fraudsters
GHD6NET27V4A,Positive,bitcoin need approval politicians bitcoin peoples currency supported people existence legal choice people politicians derive power people accept people way
K2F4N27XTMW9,Positive,yeah correct statement sub worst analysis analysis bitcoin real value crypto currency people love matter percentage gets
W4J399XH92VV,Negative,axie fail it’s mediocre game coin far game companies better games mana actually experienced decentraland it’s buggy better tech companies create better stable metaverse mana
NN4A9A7A4XWA,Negative,crypto immature market high degree volatility traditional investments hold growth day trade 90 people hold 10 remaining probably shouldnt day trading crypto meaningful average return means crypto difficult fit accepted investment strategy
WD64F24QWFWV,Negative,dont dwell altcoins cause homeless
R3CDKNC3PH6K,Negative,i’m skeptical solana low public allocation launch solana team vc backing leave retail investors liable dumped saying happen know
6Y9XY4X99ZF2,Positive,buy
JW992R3C66V9,Negative,worried eth 1000 buy crypto right think stay 1800 boy o boy long crypto honest question
KN7DH3JNVXXY,Positive,dca reason dont care price drops anymore getting ill
JACFJNYCVQAH,Negative,crypto high risk investment wouldnt reccomend anybody hundreds crypto created sole purpose attractic investors pump devs people promoting cash leaving everybody loss reason crypto going plenty opportunities burned
AZPJDRQRQM3R,Positive,love filling bags bargain bin pricessmiling_face_with_smiling_eyes
DMDJ3QQK6JN9,Positive,doubled solana cardano algorand flushed_face
VYCKEFZFY2MM,Negative,wow glad cashed
Z9NDGMW462DT,Positive,best buy bitcoin wait long left spike
APKAYMEPJ3TR,Negative,kwon cashing 27 billion collapse biggest con job history
2TF6K69NCTKJ,Negative,acab cryptos bad
DQF4H44Q9Y7G,Negative,i’d love cryptocurrency regulated existence it’s black plague humanity literally it’s carbon producing monster desperately need crush… need stop lot carbon producing industries like oil gas unfortunately world can’t function super gasoil right function cryptocurrency thousands years it’s literally called patient waiting day funds settle mention cryptocurrency absolutely filled scams technology blockchain outdated stupid literally unchangeable linked list… programmer worth salt it’s basically useless old technology tiny niche uses largely corporations governments don’t need certainly don’t need cryptocurrency maybe day won’t exist anymore dream
G6VJRCCGZ9D6,Negative,dumbass cryptocurrencies trade close actually triggering
N4F97QJYAMTH,Positive,potential disrupt markets offer services solutions blue ocean level im excited blockchain change gaming coming decade
KXPAF3YFMRZY,Positive,likes coin
4JATFGXWXQXX,Negative,algo garbage im explaining conarguments im totally aware probably downvoted post history sub dont care algo shilled coin reddit unlucky took bait bought algo shill research paper looked great fast secure reliable read lot articles read whitepaper bought algo half year holding bad ill tell mind im talking algo ecosystem blockchain dapps like currently 5 6 daapps joke younger chains hundreds algo ecosystem 5 6 dapps working bad points chain young excuse chains cool usefull daaps algo dapps avm algorand wirtual machine adoption slower slower dapps working like shit daaps rely single source truth algoexplorer api constant problems platforms like yieldly works like shit november december horrible wasnt single day issues official wallet working working correctly dependant algoexporer api aws algo centralized rewards running node yesterday algorand dex tinyman compromised hacked liquidity pools gone horrible marketing clear roadmap 2022 unfulfilled promises example increasing tps lot small ones like poor website doesnt look professional poor communication algorand foundation algorand community reddit toxic blind algo price increasing posting charts yelling awesome algo pump incoming claim bitcoin algo algo awesome algo bitcoin hate chain algorand best poor price action comparing scalable solutions ok disagree points straigth facts research recent hack algoexplorer problems edit thanks rewards
JGKWHWQTYWYY,Positive,buying
PARFK6AA9V7N,Positive,bitcoin savings true savings bitcoin true pricing mechanism humanity invented
9RTHMKDNG4K2,Positive,great way bring money help ukraine
FDNCJD3AMXMX,Positive,community tech tech enables developers build powerful applications large community developers building apps attracts large community users large community users attracts developers build apps attracts usersand communities networks difficult reproduce migrate successful alternative chains bridges ethereum compatible evm apps tools work network ethereum center
4TR6J693M9XK,Positive,debanking access bankinglike services people currently access banks cheap transfers money like remittances family abroad smart contracts securing ownership information reducing need expensive notaries… crypto new industrial revolution new internet it’s step live believe tenfifteen years look society blockchains way look society smartphones remember like going impossible kids don’t understand
NA9PJYHM9YVK,Negative,fraudulent scam coins kwon terra team basic coin look failed stablecoin people lost luna v 1 ust luna v 2 scam guy going fucking ruin crypto case scammers terra need held accountable example hopefully
4P9YD6FMKH9T,Negative,gonna trust horrific guy gonna invest luna
7EMVEK73WK3E,Positive,polygon lowno cost ethereum good books
AFJEVW4M3W4M,Negative,room drop
4ZM7WJWCMFNJ,Negative,macro economics looking like shit thing youre looking bull trap
3N2GTA74TF7E,Positive,think shib great
WCHKNEHYCYHA,Negative,pretty scammed billions world guess madoff lost prick
9DCQTFJD7JFH,Negative,entire crypto space morons tbh
MRGAM7QHPFX3,Positive,honestly attractive thing crypto literally paid learn shit ive got half dozen degrees diplomas certifications couple different fields love learning clearly studied pursuit career opportunities love making comfortable living paid learn stuff time money delayed payoff crypto actively pays learning macroeconomics finance infrastructure coding politics sociology gaming art marketing
766HWETQXF3P,Positive,lets btc
WYWGJAYCCA6D,Positive,way ride outside enjoy hobby onnnn buyin wishing cheap days like soon
7EMVEK73WK3E,Negative,95 crypto shitcoins scam coins
VE79V2N2JGNW,Positive,thismachinegreenscom bitcoin mining consumes energy produces zero emissions energy perspective difference bitcoin miner server datacenter christmas lights consume energy produce zero emissions people choose bitcoin way people choose christmas lights year christmas lights consume energy entire bitcoin network dont read articles environmental concern christmas lights
WG4GJ9YAXHH4,Positive,im excited ethereum moves pow pos remove greatest criticism studies estimate reduction 995 energy costs furthermore eth working hard improving transaction rate need wants challenge likes visa mastercard process orders magnitude transactions ps
2DGH9DNKZZ3Y,Negative,funny thing people added liquidity algo explorer folks money shid coin wallets you’re associated case point people buy pile_of_poo it’s labeled clearly packaging smells like pile_of_poo
ZPKZ7DZQ4Y2J,Positive,xlm having relatively stable price good thing makes better currency cryptocurrencies
4FRFD66TK6XE,Positive,allways wanted invest money stoks unnecessary complicated expensive plus returns stoks inflation crypto accessible cheap return huge gains operates 247 know thing technology
XHMMZYZKAFZP,Positive,link good cheap right ive increasing chain link position lately
QQZXXC9KWHQT,Negative,think bitcoin rising infinite percentage day crash stay noob
MNTYRY6PYPQF,Positive,bitcoin hedge bank bailouts literally genisis block bitcoin hedge entire financial system central banks commercial banks 99 people buy bitcoin hedge run away inflation 99 people buy bitcoin bank collapses credit card stops working grocery store accepts lightning payments
QYHZDAFJWQDT,Negative,haven’t time visited rterraluna completely overrun detached moonbois pages people contemplating suicide mind boggling
ENWH4VP2V3CW,Positive,bitcoin rest crypto market weathered unbelievable fud years guess biggest critics embracing tech impact blockchain tech stuff like web 30 decentralised ai supply chain defi immenseto compare market tulips wilful ignorance
JW992R3C66V9,Negative,theres winning youre extremely lucky pure gambling
PRHKRKYHGDVF,Negative,look safemoon speculation dev team scammers 100 proven code people cling hope getting rich haha humans fucking stupid creatures
MTCJYTYKKHZJ,Positive,eth development going thats ultimately important blockchain useable people right finished product crypto justify market cap performance point thats people early speculative value placed cryptos pan eth 20 roadmap eth best chance scalable developer friendly
Q6PJWFGEWTGQ,Negative,feel stupid incapable life look crypto space lol
K94W3ATCZX2V,Positive,defacto gold stable 25 years pleased tested exchange mechanism picked gold verify tokens burned process
7JFYANPQV9GX,Negative,stay away luna scam 20
V6TRQQKPJRDZ,Positive,yup mega bullish dots canary chain kusama
VJ7J6XWTGFXX,Positive,ethereum future people fud missed boat want buy cheap
4TG67HVWJNDP,Negative,like traditional gold lacks intrinsic value doesn’t produce create cash flow fully grasp works underlying blockchain technology prove tremendously valuable point it’s difficult type digital coin considered valuable obvious nonillicit utility
7JFYANPQV9GX,Negative,doubt deep im assuming fans greedy hopeful people kwon knows greedy people crypto space knows fucks times like trust means anymore money
NFN2M74RPJ2Q,Negative,garbage surrounding coin community kwon…this smart investing…this coin sucks money coin sucks weird watch…
6TM7Q9PPPWEW,Positive,rollercoasters view halfway
WD64F24QWFWV,Positive,xmr life
WN9WREAJPDMF,Positive,money mate money point youll love tech upgrades offered looking deip aim tokenize intangible assets bringing em onchain interesting defi
6MGAKZMPP9PV,Negative,terra 20 doesnt algorithmic stablecoin literally completely useless youd moron buy aware algorithmic stablecoin 100 value proposal terra
EWEHR26973KT,Positive,monero probably best coin atm change mind
QQYCQPQK6WFA,Positive,going sale im gonna fat bitcoin sell people going whale
6FCQKE2GMKG2,Negative,convinced crypto investment ponzi scheme utility currency dont think great question ask useful features supports current price
WQCJVFDPQFEC,Positive,crypto giving avenue passengers financial world
MFVCK2FJ4EHK,Positive,renewable energy’s btc renewable energy proven banks consume energy btc year
TQTF3MXZ4D4Q,Negative,intrinsic value doesn’t produce
DGJVX34FCTDH,Negative,kwons arrogance terras downfall examples dumb ass tweets
K4AQ7A3APGTD,Positive,yaaas folded_handsmedium-light_skin_tone buy sol
XYNN2Y4VCF3G,Negative,i’ve hear use case cause want bitcoin living argentina trying safeguard inflation buy usd wants drops 50 matter months
NFN2M74RPJ2Q,Negative,sooner trash falls better fuck justin sun
HWDQZR3ZTFRN,Negative,don’t care monero privacy coins think represent easy way human traffickers operate radar
N4KFZC2JN266,Negative,welp hell realize community doesnt projects fail finally implement burn lunc guess
3RDMJMCTEX4Y,Positive,buy thank later
EJCTF3CG3GFD,Positive,things destroy planet faster bitcoin mining dont hear crypto uses little bit energy everybody pitchforks
CY4PVHMCM4KP,Positive,read literature blockchain tech web3 potential 25 crypto exposure brainwashed reads assessed risk conviction blockchain tech stay dont care currency coming anytime soon tbh
DPNAMHPJRREC,Negative,coin outside bitcoin ethereum invented solely creators rich different
3MMFR6RXMZM2,Positive,hold bag exit strategy good thing new proposal don’t need changes implement burn new code written needs community approve far 93 voted yes
VJ7J6XWTGFXX,Positive,newer investors experienced crypto crash “that don’t kill ya stronger” like find way hold relax enjoy life buy philosophyvictory_hand️
A39VCA42JJ7W,Negative,stop supporting garbage
T7FRE9A966VX,Positive,i’m bullish ethereum l2 projects won’t built ethereum rely l1 infrastructure security don’t think eth going anytime soon
TWT79CJH69RG,Positive,love tech damn cool mixed current upcoming technologies it’s gonna continue wild ride
JM3Z9KRW4NAZ,Positive,started playing great far love idea getting coin listed believe great
XWGPHPXCAYDA,Positive,btc fairly analogous gold intrinsic value proof work gradual supply limited total btc advantages instant transfer doesnt need expensive physical storage decentralised anonymous blockchain provides indisputable ledger people bitcoin like nonsense start looking replacement gold difficult fault feel like inevitable replaces gold store wealth long term comparing shares way look dont think share prices based tangible fundamentals
WD64F24QWFWV,Negative,note applies think goes invested shitty project 99 likely going lost
W9JXAHDVTZT3,Positive,bitcoin things compared function gold relation gold foundation beginning fiat fiat created easier transact literally gold gold denominator value fiat problem corruption human error longer way verify supply fiat gold printing fiat mixing gold things bad bookkeeping theres bitcoin imagine story instead gold fiat backed btc verifiable limited infinitely divisible asset mined proof work like gold bitcoin easier transact directly compared literal gold people consider possible currency goldfiat supply trusted wouldnt transact precious gold thats fiat btc hold btc spend fiat truth bitcoin things store value digital energy unusable electricity bitcoin transactable medium currency collectible limited supply gets lower everytime somebody loses btc wallet keys btc beats gold btc beats fiat scarce gold easy transfer world noncorruptible decentralized verifiable alternative current fiatgold standard missing component adoption
NN4A9A7A4XWA,Positive,setting higher highs january going november holding way better stock market plus good catalyst green ytd soon
46YJ2PDJ9QPR,Negative,brand new shitcoin buy monkey pictures
9VEQNKQXQQW3,Positive,crypto taught ethics economic culture control emotions stuffs taught diligent learning thats im learning muse investing looking promising
ENWH4VP2V3CW,Positive,doesnt understand bitcoin bitcoin asset bitcoin payment network payment network operate efficiently fee companies like western union secure transparent swift buffer ask went developing swift thats pretty cost basis bitcoin payment network bitcoin like fiat neutral universal majority fiat
WZZMK43NG9CA,Positive,best thing crypto earn week staking 5 years interest bank giving combined banks literally robbing people money running successful scams world
NPGJHTPAXJQN,Positive,doge mars rocket
VC3F4KCEW677,Positive,yeah pretty blockchains definitely improved technology kudos devs eth brilliant excited people working 100x number devs conservative etheruem layer2s ethereum likely stay time proving ground testing ground things mean things going thrive contrary dont expect ethereum suddenly null anytime soon
TKYMHPEGFQJM,Negative,im immediately cashing red cent soon fact hes fully reimbursing victims lose confidence fact confidence matters lose confidence con
JM3Z9KRW4NAZ,Positive,worried ill money month
GVQ7RRT3KRVH,Positive,ceo making fake promises problems thats bitcoin king
VNAQPVX4R36A,Positive,mention bitcoin devsusersminers trinity keeping check pos coins dont users obeying devs
X2TCAY3NA3EK,Negative,followed larger dip
YKFXDFCC3WM2,Negative,pump dump
NPGJHTPAXJQN,Positive,bitcoin going win traditional finance obsolete hey guys let’s trade business hours lol hey anybodys permission
X6P6DQRXD62A,Positive,good time accumulate
AQDRYYFGDJJ7,Negative,dump pile_of_poo coin
63K9XM44E2QA,Negative,ponzi waiting collapse like terra
VNAQPVX4R36A,Positive,probably popular opinion monero criminally underrated spoken
VDCA2EXAVGNA,Negative,10 unlocked developers dude scamming
T792AHKH46VR,Positive,agree holding crypto coins believe use coins promissing technology
N4KFZC2JN266,Positive,btc eth ltc algo solid starting place
JACFJNYCVQAH,Negative,fair guy sub guide shitcoin literally called buttcoin pumped i’m surprised point
7N79W4MCYAVW,Negative,youre defending pile shitcoin postitnote says dollar legitimate asset tracked dollar shitcoin disguise thats peg didnt hold
JTQCWXJC74WN,Negative,pace 100 coins worth
XHMMZYZKAFZP,Positive,algo isn’t going away problems fixed transaction fee that’s absolutely tiny mega useful
EWTPGADK2QNG,Positive,fully believe crypto stay i’m happy increase position btc eth
2DGH9DNKZZ3Y,Positive,bitcoin like natural dmt floating brain possibility access cost process read understand define middlemen slow cant stop flow
4VHD44T9YCQ4,Negative,elon reason doge perpetual dip snl appearance
9DCQTFJD7JFH,Negative,times people burned learn trust guy
FWD4Z73KK6F6,Negative,problem lot people dont think cryptos riskier stocks rhetoric bitcoin similar going easily 10x coming years unfortunately informed educated investing seen influencers tiktok youtube reddit etc ticket riches kicking 10 years time dont advantage try speak rationally think saying shout fud ignore cryptos net negative value people minus fees people running platforms miners dev wallets founders selling excess tokens etc taking impossible investor money left holding bag
Q2JKVMVHD3DZ,Positive,case im bullish failed btc kicked id millionaire im making mistake point im converting holdings like shiryo dca
76VNAHQ9VAC3,Positive,good secure decentralized chain projects look good sacrifice decentralization scalability useful lot people isnt
MRGAM7QHPFX3,Negative,safemoon isnt safe
AQDRYYFGDJJ7,Positive,don’t money invest think crypto longevity
AVTE6EF7QNZE,Positive,bought
3T7MVTXT3N99,Positive,think smart hold buying altcoins moment guess cosmos smart buy recently got ravaged lunaust lower market cap dot financial advice despite appearing exactly
J2ZYM6ETC43R,Negative,given crypto fundamentally deflationary limited supply makes terrible currency currency’s purpose investment facilitate trade deflationary currencies gain value limited supply means people sit instead transacting inflationary currencies hand incentivize people use goods investments actively losing value
GGXWVNZT3PAC,Positive,bitcoin
WYYRGVWFY6XA,Negative,prefer gold investment trading
QWC3DYG3GF9Y,Negative,feel sorry got ponzikwon ii
T7FRE9A966VX,Negative,total lack intrinsic value you’re buying commodities currency backed countries economy intrinsic value times low value hang investment wait storm crypto investment smoke lose
KN7DH3JNVXXY,Negative,lets scam rugpull ponzi scheme
CXCJQXJ2CD6A,Negative,hate dogecoin fanbase discussion dogecoin honest liked popular meme coin years community cool elon musk started talk thats think annoying post involving crypto cases involving especially posts elon musk people spamming dumb shit doggy coin famous figures ive noticed matt wallece look tweets history understand im saying im annoyed dogecoin people life resumed convincing people time theres crypto worth paying edit yeah hate strong word dont hate im sick reading dogecoin
DMDJ3QQK6JN9,Negative,wrong companies engage ponzi schemes btc proven collective people promoting pushing price profit ‘investors’ btc gain loss others……
6CRGYVYGRKNR,Negative,unbelievable lost 2k kwon portfolio lot money unamused_face i’m guy face_with_rolling_eyes
PEWWZ4HTTC7G,Positive,way buy lowbuy high time sell spend lol
YKFXDFCC3WM2,Negative,banned going ponzi going acgtually distributed decentralized mlm scheme shilling centralized database stored decentralized matter people write convoluted decrentralized way negative sum nature mechanisms leads scheme needing increasing supply fiat electronics power collapse system benefitsthe people bought early ocer buy late aka mlm extra steps pyramid scheme extra steps ponzi extra steps
ZMVNNKFJ94PF,Positive,im old 15 years thats long ways speculate btc beginning present andlots future gamble
PFERAMNPAJQR,Positive,good portion alts actually built ethereum mover advantage actually good wouldnt today didnt
PZGCK4ZRET2Y,Positive,right ada far leader comes stacking strongly believe coin
4VHD44T9YCQ4,Positive,half penny baby let’s want new c8 corvette baby
PRHKRKYHGDVF,Negative,buy real gold instead crypto version paxg serves real purpose
K3JKQJFTE4TA,Negative,bitcoins mined miners incentive validating transactions that’s bitcoin’s price shatter
ENWH4VP2V3CW,Negative,network disaster constantly having issues can’t send sol defi wallet keeps failing
4A6NNREHP6AA,Positive,situation changed past decades fortunately bitcoin alternative system allowing power money
PFERAMNPAJQR,Positive,internet allows transfer information world bitcoin allows transfer money world amazing revolutionary technologies
JACFJNYCVQAH,Positive,huge pump expected
6MGAKZMPP9PV,Negative,chance dumping worseno burning going circulation supply hasnt changed 1 coin lol
JWC4A394NHN7,Positive,bought bitcoin cryptos believe dont feeling investments youre simply better sidelines
YKR74H2QRD6F,Positive,dogecoin fastest cryptos cheapest crypto fees want send money america friend india westernunion 3 takes 1 day send dogecoin it’s 30 cents max 15 minutes
T3RMAEPRMD6J,Positive,good related price security happens good shit glad investing good future
7PV6G6WPW3YD,Positive,tell crypto currency invest bitcoin
3J6DXRAATFXH,Positive,love red_heart bitcoin community fiat hope ill alive day people satoshis bothering converting state fiat
NQNRV94E3GVY,Negative,come known scheme says dollars ive magic bean returns 20 year wouldnt forever
TQTF3MXZ4D4Q,Negative,blockchain slow expensive slow transactions expensive transactions expensive sufficiently incentivize people stakemine secure network there’s recourse cases fraud it’s extremely inefficient uncompetitive system design
WFRWYPY7XZJ9,Positive,think algorand love coin
FVGNDRJMNVA7,Positive,ltc cheap fast exchange transfers
EGNNEXGGVMPZ,Negative,999 crypto essentially gambling dont kid bag holder future said luna particular aspects grift red flags definitely
W7APN9XYDRV6,Negative,words free fall
4FRFD66TK6XE,Negative,millionaires shit coin
7FWVPWN76TG6,Negative,blockchain can’t work correctly
YPPD22KFAKWK,Negative,seriously feel like im taking crazy pills apparent cryptobros come woodwork dont understand crypto read original whitepaper maybe year came kept reasonably informed crypto stuff early days bitcoin kind interesting pretty quickly apparent function consumer currency bitcoin attempted process 1 transactions amex day weeks verify transaction cant currency wtf people started pointing gold largely worthless agreed store value said cant bitcoin course cant gold physical substance backing nation states value protected legal social institutions yeah money fake bitcoin fakest end day crypto worthless find trade actual fiat currency cant fucking buy means crypto bagholder scam works long idiot comes hold bag fundamentally different holofoil comic book covers destroyed comics industry speculative bubble 90s theres level exposure size small western european country party lasts forever bubble bursts time flat fucking circle
J2ZYM6ETC43R,Negative,shitcoins gotta shitcoin
K2F4N27XTMW9,Positive,crypto pure potential represents hope masses discriminate racist doesnt hotdamn preferred pronoun algorithmic equality distupter disrupting tech virtual revolution literally reshape world adoption begun realizes regulators try stop revolution late downtrodden rise oppressed stand unity oh rich fiat rich knowledge acquired learning trade ta better budget plan future childrens futures hopefully generations come
QCCEZTRX9WQ4,Negative,tether backed hope prayers
KKGQRZWNCHJK,Positive,lunc resisting hard think pump lot market turns positive
QCJHGJHHZ6PE,Positive,knew bitcoin starting today
7ZGW996YFZ6X,Negative,honest sounds extremely unrealistic litecoin steadily lost ranks past years surprised reverse trend
NQNRV94E3GVY,Positive,mega bullish dot
V6TRQQKPJRDZ,Negative,soon goes zero
DKJR6EW9AWVD,Negative,life support
VC3F4KCEW677,Negative,investing kwonartist coin
EJCTF3CG3GFD,Negative,fucking pathetic
V6TRQQKPJRDZ,Positive,pretty easy win imo gotta hold till btc ath youre literally guaranteed 10x current prices
PFK9TR7NDHN7,Positive,years ago payment money bitcoin instead real estate 1000x bitcoins price continues grow rapid rate long term average good reasons bitcoins rapid rise reasons exist fact today good reasons 10 5 years ago reasonable expect long term average growth rate bitcoin stay high foreseeable future real estate significant holding costs eg taxes maintenance insurance fees interest real estate isnt liquid extremely high transaction costs ultimately price real estate rents limited incomes example long run people cant pay mortrent earn realistically able afford 35 40 percent net income place live real estate prices limited incomes long run incomes tend barely inflation looking long term historical data caseshiller popular real estate markets fact real estate prices barely track rate inflation especially significant holding costs properly accounted bitcoin limit bitcoin holding costs bitcoin liquid bitcoin transactions typically little bitcoins price doubling year long term average mentioned reasonably expected continues rapid ascent real estate currently bubble evidenced pricetoincome ratios current bubble pop prior bubble eventually pop real estate nailed bitcoin taken world real estate sitting duck higher taxes real estate confiscated private keys properly stored bitcoin confiscated knowing person total idiot purchase real estate instead investing bitcoin having said plan eventually small fraction 10 15 percent bitcoin holdings buy dream home pay bitcoin end sitting stack sats zero regrets investing bitcoin instead real estate
X2TCAY3NA3EK,Positive,btc legitimate competition it’s building highly secure store value ethereum amazing countless layer 1s nipping heels btc gold ethereum internet problem countless additional internets want piece
RGDCWYTV6K79,Positive,avalanche continue build bring partnerships remain 15 smart team think continue
ACDG4X3XDZ9P,Negative,thats bullshit bitcoin co crashed indexes months real material stands gold help crash bitcoin
DKJR6EW9AWVD,Positive,id dot worthy investment
7ZGW996YFZ6X,Positive,btc btc government
94KX9ETE22FX,Negative,lol crash revealed terra algorithm work luna crash like btc drop certain level team use single btc backing joke
Z7J7W3XCP4XC,Negative,ethereum scam scams topic subreddit
XYNN2Y4VCF3G,Negative,sad coin right cashing years
YE9KGEGHMA7T,Negative,loose dont bring luna excuse kiss sky wtf dont bring luna matter fact bring fuck perfect example coin obliterated 2 days hold matter stupid hodl btceth
WN9WREAJPDMF,Positive,i’m holding 100 axax predict 10002000 2028
KMAJRWRFMCH7,Positive,dont understand bitcoin true bitcoiners sell fiat major lol calling fiat actual money knew money understand bitcoin realest hardest form money planet seen
3796EY394VG3,Negative,backed luna wasnt project failed idk people buying kwons bullshit fool shame kwon fool twice happening
NKD3Z9E9TF9R,Positive,diversification recently got traction wont die lots young people believing buy etfs politicians traditional finance people mentioning etc cool said tiny portfolio rising despite paying im prepared 0
VNHX74KAETY6,Negative,drug dealers dark web users money laundering making crypto look bad
3RDMJMCTEX4Y,Negative,crypto implode celsius goes eth beating billions lost know coinbase announcements
WFRWYPY7XZJ9,Positive,munger believes usd fail 100 years understand frail current monetary system madness cant valueutility bitcoin
V6ZR7KQXC7EP,Negative,guys repeating doesn’t true doge won’t rebounds like bitcoin bitcoin doesn’t endless supply
3ZVKJCZA6HZY,Positive,point eth
FVGNDRJMNVA7,Negative,ask tech people think blockchain vast majority experts technology finance recognize crypto scam hey excar salesmen ceos routinely trouble sec securities fraud know theyre talking right
J37TVZXKPRJ3,Negative,based belief future think level risk involved associated shilling manipulation causes people dislike easily 0 tomorrow youd left worth punt sound invesmtent types discussed
W7APN9XYDRV6,Positive,people btc world day doesn’t matter 90 held investment there’s ton transactions btc intended it’s freely getting popular day
AVTE6EF7QNZE,Negative,main point bitcoin lacks ability access cash flows
PKAFWTW2AW2G,Positive,added 40m dip 380m need 120m 5b goal
7ZGW996YFZ6X,Positive,cryptocurrency long term investment dip newbies panic selling good thing opportunity buy low sell high future game patience hold gain
72RMC62CGZNX,Negative,im pretty sure transactions blockchain orchestrated pump dump
QTFH3NVE97MG,Positive,ive buying 8 years keeps going matter said matter volatile 8 years proof crypto isnt going
PFERAMNPAJQR,Positive,decentralized internet cool smart contracts voting titles deeds digitized blockchain
GHD6NET27V4A,Positive,xlm works exchange transfers
6TM7Q9PPPWEW,Positive,luna 20 going easiest 23x year it’s fully developed ecosystem box soon fudders going whining missing boat lol
ACDG4X3XDZ9P,Positive,people trash xlm think long term
G6VJRCCGZ9D6,Positive,xlm going great year
FDMQXAZTF74K,Positive,beating inflation bitcoin
GWXY3F6YGEPK,Positive,bitcoin headstart issuance lower past years merge ethereum superior technology monetary policy market cap follow point
7G7NZEEGPR4K,Positive,accumulate better prices week week
NPGJHTPAXJQN,Positive,problem dont understand potential bitcoin bitcoin nonpermissioned nonsurveilled esp lightning pure trade reason valuable spend bitcoin bitcoin valuable fiat replenish bitcoin buying bitcoin works coorporation looking shoulder payment youll opt pay bitcoin saying
DPNAMHPJRREC,Negative,whats worse wasnt post shit coin like fourth shit coin creation posts prior pumped
6CRGYVYGRKNR,Negative,anybody gets scammed shitty coin dumb literally aint got trust anymore
AZZDZJGYZWJ3,Positive,it’s going hated ethereum best smart contract platform right dapps smart contracts there’s competition
4ACJA6QTDYMG,Positive,constitution…can end despotism…when people shall corrupted need despotic government incapable b franklin bitcoin chance sperate money state youre reading resistance dont fuck
AZPJDRQRQM3R,Negative,it’s eth there’s ton alts built suffer crazy fees
6CRGYVYGRKNR,Positive,able send funds country instantly feelessly environmental impact clean mobile wallet interface knowing zero inflation decentralized secure network funds safe theft inflation gives warm fuzzy feeling time
67C636VKMZXP,Positive,eth good highest level security securing blockchain didnt mention scaling solutions help sharding help scale ethereums false reached limit build ethereum extend capacity reason redditts choosing community points secured ethereum high fees result applications users fighting limited blockspace fees high expect 23 years scaling solutions mature deliver fees extremely low users interacting etheruem 1 layers general interaction think eth going 2050kin medium term ppl think way forever cant look passed immediate short term ppl want best security use ethereum eventually theyll able low cost inherenting security etheruem l2s isnt zero sum blockchains beinjg widely huge amounts demand blockspace ethereum delivers l2s come main negative think probably price stopping growth fixed ethereum coming esp 25 timeframe
ZFEQJC4ERT29,Positive,gonna bounce weekend
K94W3ATCZX2V,Negative,1 shit coin 1shit coin 0 nada rien nichts
4C2TYDT363RZ,Negative,ethereum gas fees high worth
TGN2NPQGJW7N,Positive,making money dont hate krs taxes dont hate banks want buy land crypto hoping thistle bit turns lot dont worry hiding earnings gladly pay taxes like life
K3JKQJFTE4TA,Negative,believe opinion crypto summed effectively simple lol
QHKQ32WVQEGN,Negative,lot shitcoins substance putting black casino
RZ974APDDTJY,Negative,apecoin going worse version shib ie pump dump reason logic
D69JPMAFP9GP,Positive,bitcoin better stocks profitability bitcoin compared stocks higher
7YE67VWQC43W,Positive,spent months annoyed prices high run
KXDCJPTQAF2Q,Negative,biggest con job history kwon buys bs stfu
NNGA7CRH2WWA,Negative,usdt potential scam big demolish crypto
3626GQVF4V73,Negative,bitcoin interesting tech prototype digital currency failed volatile slow useful bagholders rebranded digital gold try dump bags investment bitcoin functionally identical ponzi scheme
3N2GTA74TF7E,Positive,exactly remember party getting started join late
TRZKH4HK4646,Negative,bitcoin negative energy it’ll produce dividend don’t think it’s safe heaven dollar collapses want asset doesn’t require internet connection retail investors stimulus checks stack bitcoin governments stack gold bitcoinblockchain amazing service it’s asset ups valuable shipping services envelope worth 30k want use bitcoin transfer 10 i’d buy 10 worth transfer idk don’t value
AN6FE7NFTRWA,Positive,low cost liquidity physical storage risk easily moveable biggest benefit 8 interest nexo
PJGJWJY2PNKC,Positive,daddy bitcoin king
2DGH9DNKZZ3Y,Negative,100useless stupidlynamed greed tokens boast 1000 apy spammed continuously rcryptomoonshots absolutely safe investment
MT9NV29W32YF,Positive,thanks spreading word monero everyones portfolio
AN6FE7NFTRWA,Negative,hes idiot crypto going going dollar goes time year itll 4k coin
CY4PVHMCM4KP,Negative,hahaha think entire crypto industry dangerous destructive scam run idiots benefit idiots cost idiots believe im defending idea laughable thinks false advertising reasonable way pursue remedy gourd
GHD6NET27V4A,Positive,bullish big boys coming crypto
R3CDKNC3PH6K,Positive,chain distributed decentralised bitcoin best
MNTYRY6PYPQF,Positive,entire market receding red weeksmonths load
GWXY3F6YGEPK,Negative,dotcom crash wiped useless tech companies promising future bubble burst crypto
7EMVEK73WK3E,Positive,good time dca btc btc
CXCJQXJ2CD6A,Positive,lunc way rocket
QQYCQPQK6WFA,Negative,cryptocurrency bad environment mining transferring cryptocurrency essentially getting crypto sending requires lot energy essentially crypto requires computer bunch complex math equations draw lot power
GHD6NET27V4A,Negative,think bitcoins volatile cash youre delusional
G6VJRCCGZ9D6,Negative,don’t know people like shit coin bad buy sims stop losing money_bag
7DY9YPQK4HG7,Negative,crypto help it’s value shockingly unstable need convert cash money real liquidity they’ve talking crypto form exchange developing nations years hasn’t adopted there’s upside crypto way send money lots downsides
NJVC7EWZEGNF,Negative,ill restake fixed terms lesson learned
RP7MDHXYNRPN,Negative,open eyes guys dont funds manipulators
YKKZE2NVQ9PZ,Positive,doge soon
FW3NCJ9GMVK3,Negative,times ive crypto gambling sites illegal purchases ball ache sorted
NE6AHWDY7MDY,Positive,ability use defi send planet fast cheap hell
ENWH4VP2V3CW,Negative,altcoin scam youre diversifying youre victim
KY33NRPCAEZT,Negative,step axs etc obvious ponzi schemes days numbered moons hope moon thing dies increased shitposting unbearable level
VME4939DFDXR,Negative,going dump smooth brain
DKJR6EW9AWVD,Positive,lol it’s clear it’s stable stocks stock market worthless cherry picked analysis
W7APN9XYDRV6,Positive,bitcoin investments time
7PV6G6WPW3YD,Negative,crypto currency’s it’s sad fact lucky half safe investments
XJKGQQWFXKTX,Positive,developer yes it’s good large mover advantage ethereum largest active community developers factor 100 estimate massive advantage technology platform means great documentation tools apis resources easy learn build got obscure question feature you’re building there’s probably help guide stack overflow post youtube tutorial answer massive developer community makes easier startups businesses hire engineers experience new skills google answer that’s probably expected hear likely wanted analysis tps scalability ethereum chose logical solutions scalability lightweight layer 1 pos system sharding excellent layer 2 options high transaction throughput focused goal longer project far reliable robust decentralized smart contract platform available
FW3NCJ9GMVK3,Positive,got caught news narrative crypto lot better ton things environment dont attack
QRFN2MNYRJMF,Positive,scratches gambling itches makes learn investing economy general
MNTYRY6PYPQF,Negative,biggest pyramid scheme history world impressive
V9KNV3WKCY3N,Positive,lower goes buy
K3YWYF7VHJA7,Positive,prices low crypto isnt going away
Q6PJWFGEWTGQ,Positive,green energy widely mining bitcoin httpsfinanceyahoocomnewsgreenenergysustainablefuturebitcoin232841036html according recent report bitcoin miners 56 total electricity sustainable renewable sources members council usage better 676
6CNHTCG6W6XM,Negative,shitty ethereum bye bye
KXDCJPTQAF2Q,Positive,bitcoin going win traditional finance obsolete hey guys let’s trade business hours lol hey anybodys permission
KMAJRWRFMCH7,Positive,i’m bullish dogecoin favorite coin right
GWXY3F6YGEPK,Negative,people dont want lose money typo
RFY2TXGZTRGG,Positive,1m sure best time invest usdt bitcoin guys dont miss early
YKR74H2QRD6F,Positive,bear market green candles
WZZMK43NG9CA,Positive,crypto grateful boring times going forward veterans mantras
ACDG4X3XDZ9P,Positive,buy dip
9DCQTFJD7JFH,Positive,time buy time happened bought later held
9RHJY2Q9ZTEG,Negative,literally flippin boat crappy tokens rely news plays tweets
DMH4WEANDDF7,Positive,eth largest active community developers matters best tech world worthless devs
T792AHKH46VR,Positive,developing countries dont traditional banks internet connections able conduct business lot efficiently
CJWAHNHJ4M9F,Negative,think ive advice sub luna nail coffin
A44DA67CMF3F,Positive,hope stacking ethereum discounted prices raising_hands
2ER9TZ79TR2V,Positive,currency uses currency cant use buy things town major online stores bitcoin especially places like venezuela venezuela actually great example good world exists feed family farming runescape starve death dictatorship oppressing
NN4A9A7A4XWA,Negative,investments based investing work bonds loan money companies sure funds pay interest profits equities invest companies share profits crypto doesnt underlying assets theres company work generating profits generate value interest dividends value wholly based confidence th value cryptocurrency theres real value work convey value way generates value like ponzi scheme investment dont like seeing people recommend investment theres floor value assets businesses profits drive value crisis confidence value fully collapse zero proper investments theres floor value underlying assets companies shares trade based expectations future success floor know market crash assets undervalued exist shares tangible companies tangible profits assets tldr close ponzi scheme therere assets profits driving value
ADCXHGCQRA34,Positive,great paid heating swimming pool house thats bonus look bitcoin terms think itll turn great investment
4P9YD6FMKH9T,Positive,bitcoin pretty stable comparing w worst comparing stocks doesn’t prove point
GWXY3F6YGEPK,Positive,know sale theres buyer right buy fearsell greed wish dca way dca
NQNRV94E3GVY,Negative,dont sell luna righ people got chance sell 5 instead 00003 obviously
DR6XNZMT9KRH,Positive,crypto future plain simple buy perish
3796EY394VG3,Negative,arrogant prick algorithmic stablecoin failure inevitable
VNHX74KAETY6,Negative,trap
YPPD22KFAKWK,Negative,bitcoin gold dont understand gained value
CEHXHWFAVDAD,Negative,thats literally crypto ponzi
TGN2NPQGJW7N,Negative,honestly fuck eth shouldnt 10
7PV6G6WPW3YD,Positive,monero coin genuine use case serving purpose shilled influencers buying bear market
7EMVEK73WK3E,Negative,like seen past couple days gets manipulated big corporations shit fear time
QHKQ32WVQEGN,Positive,longer trust central banks governments internet connected allowing bullshit need decentralized currency
QRFN2MNYRJMF,Positive,held bitcoin 2013 bought sold loads crypto sold bitcoin long youre expecting immediate riches tolerate paper losses
6MGAKZMPP9PV,Positive,it’s perfect morning shop buy fucking dip folks
TRZKH4HK4646,Positive,gonna currency vr world definitely moving giant corporations focusing efforts meta microsoft vr logical growth standpoint text screens moving pictures logical step
4RHRV9MACQGW,Positive,time ada
ZEAMMXYFVGEY,Positive,solving need digital cash potential loss control global reserve currency gold bitcoin global reserve currency situation warning happening 2009 having bit bitcoin gold good risk management case eventuates plan worst hope best motto plan best hope best good luck things turn shit
RWHZ6KANFCTN,Positive,omfg going
466PYQFNGMT7,Negative,solana going gone bear market
R7AZQKJ2FQVT,Negative,luna 20 scam guy dark degen swindler trying loot public 2nd time governance vesting schedule luna 20 fine print parachute vcs kwon money bank skins people alive second time fall trap gamblers den compromised judgement incurred loss irrational risks isnt good mind soul gig cut losses like diseased limb live pride survived loss lessons expensive life learning trying help people effort considered waste giving unfortunate people world second chance exchanges tokens like flow river assume risk underlying economics bad interested feesas sell garbage willing buyers current market price fair subject change fixing manipulation thats markets wealth redistribution scheme worst printing money thin air
RFY2TXGZTRGG,Negative,value bitcoin fluctuates way useful replacement cash
KREVGMG3GN2G,Positive,moon 3
ZVDKTXAXYHRV,Positive,wtf talking volatile stocks largest market cap darlings pandemic companies like netflix paypal meta etc arent random companies sp 500 hold major shares common etfs arent random outliers look performers cherrypicking people overleveraged crypto ones leverage stocks dont understand people want single crypto lot volatility comes overleveraged trading suspects driving dump asset classes deny
NJVC7EWZEGNF,Positive,inevitable best time buy crypto
ADCXHGCQRA34,Negative,currency useful exchanged goods services extent trade buy local country’s currency that’s cool right it’s volatile reliable medium exchange
3MEG6THYHV69,Negative,sad lol lot people probably hold worthless amounts luna time price crashes
6WWZPHWHX9YR,Positive,use xrp send thousands dollars 20 seconds zero fees
4JATFGXWXQXX,Negative,hate crypto garbage post paying 0001btc convincing cryptos usefulness lo behold come realise coins past years actually imagine surprise loaded 100 jaxx wallet years ago thankfull 100 ofcourse lost wallet stuck initializing means cant httpsibbco7xv0nf1 bank lost money like crypto biggest fucking scam universe update ok winzupdatee showed fix crap assbitcoin promised sent 0001btc fav answer previous post dispite convinced said wasnt going pay forgive experience reinforced distrust crypto paid dollars transfer like 40 thats 25 fee lol hell advocate service takes fees private lender banks interest yea anonymously send money instantly apart dumb excercise reddit cant fathom reason use especially store value civil polite discussions appreciated
FW3NCJ9GMVK3,Positive,short invest bitcoin
YKKZE2NVQ9PZ,Positive,people salt seashells cigarettes etc money money good tool money store value exchange goods unit account goods tool money money prison cigarettes money goods money different goods tools better worse money depending qualities requirement tangible physical requirements job work store value means exchange unit account fungible transportable durable easy verify etc bitcoin properties designed excel store value volatile bitcoin contain volatility volatility caused humans volatility problem long remained value increase value time time b volatility matter far requires require hold 24 years better valuable people stay trust stores value increase value far like given continue work bet bitcoin gold bad today work means exchange daily items probably people digital digital superior saving time verifiable httpswwwthoughtcocomwhatismoney1147763
R3CDKNC3PH6K,Positive,correct people bitcoin expensive it’s late 100 wrong 2030 bitcoin 1 million
3ZYZT2T794JH,Positive,like vet
APKAYMEPJ3TR,Positive,great post it’s easy money crypto patience long time horizon invest sound projects dips plan returns 4 years 4 weeks patient value investor stop trying pick winning numbers isn’t lottery ticket it’s fundamental investing principles stop clickingreadingwatching says coin 100x time stick strong fundamentals easily 34x investments 45 years probably doesn’t sexy remarkable return
K4AQ7A3APGTD,Positive,ethereum medical field verify vaccine passports blockchain thought pretty cool
4RHRV9MACQGW,Positive,suspect bitcoin succeed reasons people talk bitcoin inherent value inherent value stems distinct advantages uncontrollable easily launderable bitcoin perfect underground currency sell drugs prostitute sell murder bitcoins value inherent worth currency safely use conduct illegal transactions want bj corner fu lapd convert dollars bitcoins pay bitcoins presto happy ending value bitcoin eventually set flow money currency pursuit illicit goods lets daily illicit transaction market 100m means day 100m worth bitcoins bought purchase illicit goods services sold dollars unique bitcoins happen market day total worth 100m
DKJR6EW9AWVD,Positive,huge developers use
W7APN9XYDRV6,Positive,nows time buy bitchez
Q6PJWFGEWTGQ,Positive,developers ecosystem eth like community eth let fail it’s easily adaptable
EZCVAWE2HAMP,Negative,bought cro time starts tanking day crypto market goes learned lesson
R7XYZ4FKMFF9,Negative,don’t think shib going work longer tbh
4RHRV9MACQGW,Negative,digital tulips fertilized massive amounts bullshit 0
VE79V2N2JGNW,Negative,spending cryptocurrency nonsensical
6Y9XY4X99ZF2,Positive,preach brother glad ltc finally taking interest focusing privacy deciding factor hold ccd monero
A9A2AR4NJ6AH,Positive,dollars going bitcoin going purchasing power dollar btc mass adoption btc future
PJGJWJY2PNKC,Positive,wise answer bitcoin
76VNAHQ9VAC3,Negative,16844 crypto currencies 80 pure garbage discussion according coin market cap 16844 cryptos world market coin gecko shows 12463 thats shitload wonder non crypto friends think crypto simply penny stock market space know project good intentions fail succeed hang pure scam know guess price decentralization struggle dont believe censorship business telling new projects arent allowed room sadly people invest life dumb things like squid game tokens find liquidity trying cash simply rug pulled worse hit investors believers fundamentals creates bad reputation gives crypto terrible image politicians regulators beef crypto shady scam projects determine shady scam project officially scam people crypto world shib example scam thats opinion people crypto bitcoin scam bitcoiners ethereum scam critique politicians use crypto cant police comes scams rug pulls need harsh strict regulation enforced penalized crypto police project tribes cant stand throw trash twitter hope time people come better educational tools noobs aware fire hazard optimistic people want hopes hitting moon shot shady scammers know imagine number typed title likely reach 20000 250000 time 2022
A44DA67CMF3F,Positive,im going smoke buy bitcoin
XKEQPPFJWHY9,Positive,pricewise think good time lrc good luck
EZCVAWE2HAMP,Positive,comes stronger
3MEG6THYHV69,Negative,ethereum robinhood character reverse steals poor gives rich gas fuel_pump fees pure extortion matter time alt coins close ethereum
ZMVNNKFJ94PF,Negative,6 95 crypto projects scams
3ZYZT2T794JH,Negative,lot changed actually there’s hundreds crypto coins they’re competitive thing different that’s huge dilution customer pool given sports arenas named crypto multiple super bowl ads it’s likely crypto reached nearly possible customer wouldn’t expect future growth userbase vast majority customers looking investment returns good lately that’s great customer retention running miners exchanges ad campaigns enormous ongoing cost customers need cover perpetuity huge growth user base it’s hard imagine things better
6TM7Q9PPPWEW,Positive,yeah crypto sustain future countries join crypto discover way making money countries adopt technology best use technology
3MMFR6RXMZM2,Positive,congratulations achieved bitcoin understanding level 1 knows levels im level 15 bitcoin beautiful invention
4P9YD6FMKH9T,Positive,true meme coins lots alt coins bitcoin stay little exposure portfolio risk tolerance allows good
4TR6J693M9XK,Positive,cause future payment systems talking backend gonna blockchains b crypto decentralized finance effectively cutting middle man bank start earning yield assets
V6ZR7KQXC7EP,Positive,ethereum secure l2s built secure network includes mentioned better thoseother networks near ultrasound money
A9A2AR4NJ6AH,Positive,huge step crypto germany congrats germans hope rest eu follows soon
NN4A9A7A4XWA,Negative,dont hit moons dont utility easy getting shitposting
KY33NRPCAEZT,Positive,grab sale ladsthats thinking
JACFJNYCVQAH,Negative,shit fools support donkey kwan
WXET2K92YDAN,Positive,think dependable pick right stablecoin manage risk accordingly generally higher yield higher risk
7N79W4MCYAVW,Negative,trace common thread hippie counterculture 60s california todays silicon valley ethos remains indisputable lsd inspired great music art crypto given monkey jpegs
A39VCA42JJ7W,Positive,real beauty crypto cant printed government
KY4HFX6NN6P4,Positive,technologically best great standard blockchain identify best tech literally copied forked new chain 0 track record equally technically good having said best different blockchains feature distinguishes rest feature standard theyd best everybody abandon blockchain time new project comes better eth good large number qualified developers lots nodes cheaper faster etc blockchains therebut whats dapps built eth theres lot inertia human effort tied eth smart contracts new generation comes year faster smarter cheaper etc l2s chains crosscompatible chains focus bridges end eths value lot track record millions found reliable hackers legal jurisdictions tolerated clone lesser track record people inclined trust blockchain shiny new theyd research premine inflation developers new vulnerabilities snuck code bitcoin money ethereum computing pretty good basic requirements money computing people like everybody uses chains end displacing btc eth thousands tried failedit wont simply better tech speed etc came
7EYWM49RWZ63,Negative,honestly people support coin tashcans discord cdc people constantly talking luna 20 crypto weird times right
XYNN2Y4VCF3G,Negative,theyre moving ponzi scheme cult real fast like lularoemonat dude bros lmao
AZZDZJGYZWJ3,Positive,things worse environment crypto like statement default disagreement crypto
766HWETQXF3P,Positive,investigate bitcoin stock flow model youre new wouldnt want bet 1m btc sustainably 1m id 20282030 real question purchasing power 1m usd 8 years
Q6PJWFGEWTGQ,Positive,works that’s good
ZPKZ7DZQ4Y2J,Positive,man simply gonna increase price btc ready real good bitcoin portfolios need kind price boost
TRZKH4HK4646,Positive,weekends usually dips drops shop
MRGAM7QHPFX3,Positive,bitcoin stable stocks chose stable
GH29CQ6ZW3DK,Positive,people buy btc want able afford ton stuff dude’s cart
DK4H9CMZRWET,Negative,rapidly deflationary market wealth chase diminishing returns theyre returns trying con people buying holding bag market crashes
4ZM7WJWCMFNJ,Negative,eth overpriced doesnt deserve biggest alt
6K6ZV9T9ZG3D,Negative,good crypto tanking electricty consumption waste produced immense apart specualtion crypto use
63K9XM44E2QA,Negative,scams inherent value disliked financial institutions rely criminals seemingly random value based manipulating market environmental impact
4A6NNREHP6AA,Positive,yup mega bullish dots canary chain kusama
ZVDKTXAXYHRV,Negative,bad ape expect fail ape know going pump dump
GH29CQ6ZW3DK,Negative,think it’s we’re surprised people leaping chance fleeced
V6ZR7KQXC7EP,Positive,tax real estate upkeep costs bitcoin absolute best way store money outperform long term
7QPF7R4H9GZG,Negative,yeah doge going way faster skullskull
EWEHR26973KT,Negative,wow supporting scam
4KDNMYPMNZXC,Negative,i’ve lost money single crypto buy sold
EWTPGADK2QNG,Negative,couldnt imagine suckers bought luna 20
KXDCJPTQAF2Q,Negative,kwon scammer
K94W3ATCZX2V,Positive,better returns investment stocks volatile borderless transactions far better apy staking crypto leaving money bank protection inflation local currency local currency loses value like 10 fortnight point
NN4A9A7A4XWA,Negative,that’s don’t buy eth waste profits feed gas
MTCJYTYKKHZJ,Positive,useful bitcoin advice telling buy id ended cashing 100
3RDMJMCTEX4Y,Positive,easy solana 7 times year avax chains crash fraction eth volume eth perfect best far yes
ZEAMMXYFVGEY,Positive,like decentralized nature crypto gains nice
4RHRV9MACQGW,Positive,note asking financial advice experts follow advice decision end day btc eth good bet like algo
QQYCQPQK6WFA,Negative,like stable thing stable coins yeah pegged dollar anymore didnt care
ACDG4X3XDZ9P,Negative,completely speculative asset i’ve bought past bit money sold don’t like it’s immature legislated oblivion doesn’t sizeable use cases trading money laundering can’t currency deflation inherently built price volatility impediment story store value weak consider price fluctuates massively unlike traditional assets thing international payments end needing cryptos matter narrative feel believe holding maximise returns dump “bags” who’s hoping underlying asset underpin value coin supply demand demand collapses price it’s open manipulation insider trading forth largely regulated mature stock markets crypto wild west right it’s diversified tracker find tracks thousands companies like doesn’t exist crypto sphere provide notion stability it’s like investing super volatile stock i’d happy speculate play money it’s lack regulation putting making primary investment choice
CY4PVHMCM4KP,Negative,remember price recovered
RZ974APDDTJY,Negative,basically ponzi falls sure luna decent ecosystem arrogance founder coupled factors investment red flag
RFY2TXGZTRGG,Positive,good ill buy
WCPEFHYY4AF6,Negative,ethereum shitcoin
6Y9XY4X99ZF2,Positive,wont going forever believe
XWGPHPXCAYDA,Positive,btc everyone’s portfolio
XRMTWXGZJMFW,Positive,way seriously tell dont try time dollar cost average crypto spare money 4 years literally 4 years look think pleased
A9A2AR4NJ6AH,Positive,dot real deal bank level security stability kusama essentially copy dot developed test new updates real world real economic environment implementing dot ensure dot runs smooth goes security breaches projects dot sister network kusama essentially thing new features capabilities it’s cheaper use general kusama turning art gaming hub cool moonrivermoonbeam karuraacala heikoparallel khalaphala etc kusamadot sister networks teams building kusama versions features dot versions
WXNGAFGAR2WA,Positive,it’s store value hedge big investors trade like stock market that’s goes markets it’s early takes long time things come fruition people resistant change
QQZXXC9KWHQT,Positive,bitcoin player decentralized crypto market thats good people use options
6CNHTCG6W6XM,Negative,im crypto 2012 far found usecase transfer money comes mind defi far cost money
3J6DXRAATFXH,Negative,decentralized ponzi scheme person entity orchestrating doesnt mean doesnt hallmark mechanisms ponzi scheme profits come new investors question needed establish ponzi scheme promise large returns rest directly promise certainly insinuate chanting fun staying poor indirect way asserting know leaving nonholders poor entire hodl doctrine thats pushed philosophy large returns hold long dont play dumb direct promises short entire subculture built course try attract new members advertising super bowl wall street nba stadium names try orange pill friends family
M7WEA9367E6X,Positive,love ada smiling_face️
3ZYZT2T794JH,Negative,dont like bitcoin
WYWGJAYCCA6D,Negative,failed original purpose people attempted assign properties years current narrative inflation hedge guess time bed
JWC4A394NHN7,Negative,completely speculative instrument hesitate asset underlying value technology rests adopted quickly federal reserve banking system blockchain unregulated market likely face regulation domestically internationally forward
GHD6NET27V4A,Negative,scams hard covert money fiat relentless junk fake emails nft hype stupid jpgs celebrities exploiting space shit coins pump dumps “use cases” bullshit “great community” bullshit opinion preys seek community involved whilst unknowingly having pants pulled horrendous fees literally crypto complicated deal risks accidentally losing money hodling diamond hands rockets etc market manipulation like stock market “unregulated” ok that’s true great scams fiat remains far easier secure losing money you’re lucky actually early longer early strike pump dump early right time willing hold break getting hell sodding money use paying tax man handsomely course
TD36G7T2EZEK,Positive,dont worry btc 100k end june
VV67NJ3GAW3H,Negative,crypto consider massive risk hell tether probably based fiction tank thing don’t trust financial advisor especially crypto
JQT46DYT7ART,Positive,theyre staked coins start swapping passive rewards btc realistically paths lead bitcoin matter time
7G7NZEEGPR4K,Negative,crypto fad crypto underlying value zero relies greater fool theory grow lucky bubble growing people getting crypto loose money
7DY9YPQK4HG7,Negative,100 10 90 loss 10 1 90 loss worse
KMAJRWRFMCH7,Negative,yea big jump edge cliff
NKD3Z9E9TF9R,Positive,interesting course people whove money crypto going vehemently disagree 2 portfolio crypto btc eth fully understand risky af strongly believe profitable long run
A9A2AR4NJ6AH,Negative,you’re telling years we’re slowly going receive luna2 tokens we’re supposed trust years
FW3NCJ9GMVK3,Negative,problem thousands cryptos dont thing copied pasted little difference limits use cases market diluted means chains fade obscurity
R2FHGF3QXQ6M,Negative,audit usdc
2ER9TZ79TR2V,Positive,um bitcoin constantly improved evolving taproot pretty huge
VHHPNYT2P47X,Negative,luna2 return scam
M7WEA9367E6X,Negative,wouldve invested doge theres longer bigger fools left buy useless currency going 000001 dollars trust
DDZZ726RJHME,Negative,lel useless ghost chain dead years cares ada ada tards
J2ZYM6ETC43R,Negative,far shitcoins
WXET2K92YDAN,Negative,yes thats cryptos prey poor financially illiterate people
TC9FHXCXZWRA,Negative,lose money 2nd time mofo
MNTYRY6PYPQF,Negative,described pyramid scheme
V6TRQQKPJRDZ,Negative,bought crypto surf hype retard wave beleieve crypto long term investment think vast majority people quick gains
MRVNFNWJW9AR,Positive,good cheaper bitcoin
ZMVNNKFJ94PF,Positive,crypto needs win i’m rooting smooth transition
JGKWHWQTYWYY,Negative,zero valued
3RDMJMCTEX4Y,Positive,nows good time start following news reflecting happen got learning bitcoin better values opinions align ye accumulating bitcoin slowly lows good idea
7ZGW996YFZ6X,Negative,ask kwon stole 80k btc causes retail investors lose money ignores community burn creates new shitty coin youre going buy
JM3Z9KRW4NAZ,Positive,gusd pretty safe gemini probably exchange follows rules 69 apy wouldnt worried losing money
D69JPMAFP9GP,Positive,came cryptoverse like 5 months ago waaaayy late know 5 months constantly learning like op blockchain tech different coins staking banks screwing fucking time generations crypto way try economically independent banks money banks money play richer gives fuck entered crypto idspend money useless things think twice spending humble thankfully sub thanks guys
6A2GREY63633,Positive,crypto taught toonot crypto terms life general stopped smoking spending fiat useless stuff learnt humble thrifty live healthy grateful crypto im happy good
PGYYE66MAY4E,Positive,it’s matter time i’d spread though… 25 005 25 004 25 003 25 002… bearish sounds believe survive true crypto winter alts won’t
7YE67VWQC43W,Positive,cant wrong eth
J37TVZXKPRJ3,Positive,despise bitcoin cash dont actually value politics think bitcoin cash traitor avoided costs thought trust ecosystem bitcoin 1 coin holds believes ends dethroned invest space king btc thoughts 2017 day come terms bch copy paste clone bitcoin single bitcoin holder planet received equal bitcoin cash forked bitcoin means bitcoin cash 1 cryptocurrency bitcoin holders blame dont equal portion bitcoin cash given free guess thought bitcoin cash bitcoin previous transaction history literally holding bitcoin received equal bitcoin cash money grab bitcoin scale small blocksize thanking bitcoin cash created counter argument increasing blocksize ends good scalability fees ends 1 cryptocurrency cares holding bitcoin time fork holds equal bitcoin cash dont sure took 3 years epiphany wanted share thoughts bitcoin cash
NNGA7CRH2WWA,Negative,demand tho lol bitcoin actual value
7YE67VWQC43W,Negative,don’t think crypto recover coins going
3ZYZT2T794JH,Positive,ive posted regulation particularly stablecoins good crypto arent going widespread adoption regulation place safer playground risk averse people institutions live live harmony crypto today course assume regulations intelligently definitely given think solid chance happening theres money crypto folks like winklevii armstrong push regulation right direction
FVGNDRJMNVA7,Positive,ethereum good mover advantage managed sustain community projects built actually genius sure gas fees pain l2 actually accomplished way line doesnt negate abilityprogress good project 2nd bitcoin small fit litecoin ripple today advise stack eth market wobbly sure guess early days stacks thats beneficiary movers advantage discussed rpbtonline share lot insights markets stack ether eth learn stack cheers
KN7DH3JNVXXY,Positive,excellent news bitcoin
T3RMAEPRMD6J,Negative,store value currency hedge money printer want understand current understanding aside lowest effort ponzi scam truly loss understand explain function bitcoin solve solving carbon negative toxic coal mines running mining operations sounds positively awful like bitcoin digital cigarette blowing fumes plebs letting easy cheap energy sources stronghold authoritarian rules russia kazakhstan etc think point bitcoin aside speculative bubble looks like elaborate tulip mania longer dont answer
RWHZ6KANFCTN,Positive,i’m long btc general lot institutional money there’s retail investors there’s lot big finance money btc crypto general don’t think completely 0 lot liquid cash splash altcoins low value hold 35 yrs
9KNVR6X2DWC4,Negative,ts hustle investment look way portrayed social media pumped enthusiasm travelling salesmen peddle snake oil olden days gamble hope find mug willing pay youre left holding bag intrinsic value despite white papers world doesnt says tin people purely convincing idiot pay people argue coins currencies decentralised money constantly compare value crypto fiat currencies basically purpose outside true stablecoins cheap way transfer money risk value changing 10 seconds volatility crypto im honest reason sole purpose hoping money thats peoples pockets ends dont bullshit like far especially investing meme coins like doge shib
NQNRV94E3GVY,Negative,joke decade
M7WEA9367E6X,Positive,i’ll buy 100 bucks worth
CWHGEMPYTWVW,Positive,dogecoin plain simple payment method crypto fancy overly complicated understand greatest strength
QCJHGJHHZ6PE,Negative,tether sort open secret dont funds crash eventually going big time
FXEXXAC2PT3N,Positive,throw 50 paychecks crypto 20182020 believed went 5k 500k crypto time high dont need believe math works people quit job 2020 wish soon
NFN2M74RPJ2Q,Positive,bitcoin hope love people buying investing long kids grand kids neices nephews hope love red_heart️
3N2GTA74TF7E,Positive,bitcoin younggive timegive chanceyou won’t sorry
VDCA2EXAVGNA,Negative,ive found nearly coins useless serve purpose problem coins create like governance tokens dont need crypto proctopcs lend crypto borrow crypto buy crypto nearly fully selfreferential closed loop system realed got ros ambitions dreams cold blooded trader helped
MT9NV29W32YF,Positive,buy orders spread 750 1300 bear market game accumulate
63K9XM44E2QA,Negative,supposed act currency kinda sucks
7DY9YPQK4HG7,Negative,1000000 correct xrp pure speculation zero delivery
W4J399XH92VV,Negative,like 999 20000 coins thats 20 im generous honest belief 5 coins actual utility
GAN44MJMXW36,Positive,buy forget trust process
TRZKH4HK4646,Negative,think hype gone stuck holding bags
DR6XNZMT9KRH,Negative,didn’t invest xrp crashed riskier option projects time doesn’t sense invest having issues cryptos going bull market don’t feel bad investing xrp bit
DGJVX34FCTDH,Positive,algo best 5
PJGJWJY2PNKC,Positive,crypto changed lives interested crypto likely invested better im glad space talk cryptocurrency crypto enthusiasts
TGN2NPQGJW7N,Positive,holding paxg purely normally goes rest goes good diversify portfolio commodities interest paxg im getting 6 interest nexo
QD6PJTFGJ63Q,Negative,ethereum biggest letdown crypto history
FM9FYY27VTVR,Positive,lightning network capability millions btc transactions sec near 0 fees 3
K94W3ATCZX2V,Positive,means daily volume means daily active users means positive price action long run
W7APN9XYDRV6,Negative,exchanges irresponsible list tokens luna should’ve allowed die
MTCJYTYKKHZJ,Positive,massive ecosystem pretty applications shitload developers crypto ethereum pretty applications chains forks developed ethereum says lot look 100 cryptocurrencies tokens ethereum majority decentralization safety ethereum lower fees sacrificing decentralization like chains dont skimp values safety ethereum sacrifice decentralization goes far chains face users increase solution scalability trilemma ethereums solution rollups sharding rollups implemented right haswill drastically decrease fees sharding plummet arrives future people dont use layer 1 ethereum use rollups layer 2 preview buying eth cryptocom withdrawing arbitrum high fees beta use curve finance like ethereum layer 1 avalanche
TWT79CJH69RG,Positive,i’m actually excited cash moments like
